{
  "project_info": {
    "project_number": "819536502640",
    "project_id": "movie-b200a",
    "storage_bucket": "movie-b200a.appspot.com"
  },
  "client": [
    {
      "client_info": {
        "mobilesdk_app_id": "1:819536502640:android:63afde3cfcd48921d039b5",
        "android_client_info": {
          "package_name": "com.example.apifragmentproject"
        }
      },
      "oauth_client": [
        {
          "client_id": "819536502640-9t33s2o9ei6ebhk0tuqqlpc4oo46oui0.apps.googleusercontent.com",
          "client_type": 3
        }
      ],
      "api_key": [
        {
          "current_key": "AIzaSyCGTWAP-FCJMdmQAX-RBDQKr81kJQWtNiI"
        }
      ],
      "services": {
        "appinvite_service": {
          "other_platform_oauth_client": [
            {
              "client_id": "819536502640-9t33s2o9ei6ebhk0tuqqlpc4oo46oui0.apps.googleusercontent.com",
              "client_type": 3
            }
          ]
        }
      }
    }
  ],
  "configuration_version": "1"
}